publish,keyword,h1,primary-key,slug,force
no,что такое vpn,,vpn,what-is-vpn-2025,no
no,зачем нужен впн,,page,why-vpn-needed-2025,no
no,как работает vpn простыми словами,,vpn,how-vpn-works,no
no,как проверить dns утечку,,dns,how-to-check-vpn-leaks,no
no,разница между vpn и прокси,,vpn,vpn-vs-proxy,no
no,бесплатный впн,,page,free-vpn-guide-2025,no
no,бесплатный vpn,,vpn,free-vpn-services-2025,no
no,vpn для андроид,,vpn,vpn-dlya-android,no
no,vpn для айфона,,vpn,articles/vpn-for-ios.html,no
no,vpn для windows 10,,vpn-windows-10,vpn-for-windows-2025,no
no,vpn для windows 11,,vpn-windows-11,vpn-for-windows-2025,no
no,vpn для macos,,vpn-macos,vpn-for-macos-2025,no
no,vpn для linux,,vpn-linux,vpn-for-linux-2025,no
no,vpn для smart tv,,vpn-smart-tv,vpn-for-smart-tv-2025,no
no,vpn для торрентов,,vpn,vpn-for-torrents-2025,no
no,vpn для youtube,,vpn-youtube,vpn-for-youtube-2025,no
no,vpn не работает,,vpn,vpn-doesnt-work-2025,no
no,впн не работает,,page,vpn-doesnt-work,no
no,медленная скорость vpn,,vpn,vpn-slow-speed-fix,no
no,нет соединения vpn,,vpn,vpn-no-connection-guide,no
no,обход блокировок vpn,,vpn,vpn-bypass-blocks-2025,no
no,расширение vpn для chrome,,vpn-chrome,vpn-for-brave-firefox-opera,no
no,оплата vpn российской картой,,vpn,vpn-buy-payment-russia-2025,no
no,скидки на vpn,,vpn,vpn-discount-promo-2025,no
no,vpn для бизнеса,,vpn,vpn-for-business-2025,no
no,онлайн безопасность с vpn,,vpn,vpn-online-security-2025,no
no,vpn на роутер,,vpn,vpn-on-router-2025,no
no,youtube без vpn в россии,,youtube-vpn,youtube-without-vpn-russia-2025,no
no,как ускорить youtube в россии,,youtube,kak-uskorit-youtube-russia-2025,no

yes,vpn для ps5,VPN для PS5 в 2025: стабильный пинг и доступ к играм,vps-ps5,1,0
yes,vpn для xbox series x,VPN для Xbox Series X|S: снизить задержку и открыть каталоги,vpn-xbox-series-x-s,1,0
yes,vpn для netflix,VPN для Netflix: как смотреть каталоги США и Турции,vpn-netflix,1,0
yes,vpn для disney+,VPN для Disney+: доступ к сериалам и премьерам 2025,vpn-disney,1,0
yes,vpn для amazon prime video,VPN для Amazon Prime Video: обойти геоограничения,VPN для Amazon Prime Video,,0
yes,vpn для spotify,VPN для Spotify: как оформить подписку и слушать без ограничений,VPN для Spotify,,0
yes,vpn для reddit,VPN для Reddit в России: вход и поиск без блокировок,VPN для Reddit,,0
yes,vpn для linkedin,VPN для LinkedIn: вход, вакансии и сообщения,VPN для LinkedIn,,0
yes,vpn с выделенным ip,VPN с выделенным IP: кому и зачем нужен статический адрес,VPN с выделенным IP,,0
yes,split tunneling в vpn,Splits Tunneling в VPN: как включить и зачем это нужно,split tunneling в vpn,,0
yes,vpn для binance,VPN для Binance: безопасный доступ к криптобирже,VPN для Binance,,0
yes,как проверить скорость vpn,Как проверить скорость VPN: правильные тесты и что считается нормой,как проверить скорость vpn,,0
yes,как проверить утечку ipv6,Как проверить утечку IPv6: пошаговая инструкция,как проверить утечку ipv6,,0
yes,vpn с функцией kill switch,Kill Switch в VPN: что это и как настроить,kill switch в vpn,,0
yes,wireguard vs openvpn скорость,WireGuard vs OpenVPN: где быстрее в 2025,wireguard vs openvpn скорость,,0
yes,vpn для instagram,VPN для Instagram: как открыть ленту, Reels и сообщения,VPN для Instagram,,0
yes,vpn для tiktok,VPN для TikTok: как обойти ограничения и публиковать видео,VPN для TikTok,,0
yes,vpn для telegram,VPN для Telegram: как отправлять сообщения и звонить без блокировок,VPN для Telegram,,0
yes,vpn для whatsapp,VPN для WhatsApp: сообщения и звонки без ограничений,VPN для WhatsApp,,0
yes,vpn для discord voice chat,VPN для Discord Voice: снизить пинг и обойти блокировки,VPN для Discord Voice,,0
yes,vpn для warzone,VPN для Call of Duty: Warzone — стабильный пинг и матчмейкинг,VPN для Warzone,,0
yes,vpn для valorant,VPN для Valorant: как стабилизировать пинг и избежать ошибок,VPN для Valorant,,0
yes,vpn для pubg mobile,VPN для PUBG Mobile: сервера, пинг и защита,VPN для PUBG Mobile,,0
yes,vpn для genshin impact,VPN для Genshin Impact: регионы и стабильность соединения,VPN для Genshin Impact,,0
yes,vpn для steam deck,VPN для Steam Deck: доступ к магазину и онлайн-играм,VPN для Steam Deck,,0
yes,vpn для apple tv,VPN для Apple TV: как смотреть стриминги в 4K,VPN для Apple TV,,0
yes,vpn для samsung smart tv,VPN для Samsung Smart TV: доступ к приложениям и стримингам,VPN для Samsung Smart TV,,0
yes,vpn для lg smart tv,VPN для LG Smart TV: как обойти региональные блокировки,VPN для LG Smart TV,,0
yes,vpn для router keenetic,VPN на Keenetic: пошаговая настройка,VPN на Keenetic,,0
yes,vpn для mikrotik,VPN на MikroTik: L2TP/IPsec и WireGuard,VPN на MikroTik,,0
yes,vpn для asuswrt merlin,VPN на AsusWRT-Merlin: профиль, политики, Kill Switch,VPN на AsusWRT-Merlin,,0
yes,настройка openvpn клиента,OpenVPN клиент: установка и профиль .ovpn,настройка openvpn клиента,,0
yes,создать свой vpn wireguard,Как создать свой VPN на WireGuard (VPS + мобильные клиенты),создать свой vpn wireguard,,0
yes,outline vpn свой сервер,Outline VPN: разворачиваем свой сервер и подключаемся,outline vpn свой сервер,,0
yes,как выбрать vpn для россии 2025,Как выбрать VPN для России в 2025: чек-лист и примеры,как выбрать vpn для россии 2025,,0
yes,vpn с обфускацией,Обфускация в VPN: как скрыть трафик от DPI,обфускация vpn,,0
yes,stealth vpn,Stealth VPN: что это и когда нужно,stealth vpn,,0
yes,vpn для netflix турция,VPN для Netflix Турция: оформление и оплата,VPN для Netflix Турция,,0
yes,vpn для youtube premium,VPN для YouTube Premium: регионы и способы оплаты,VPN для YouTube Premium,,0
yes,vpn для spotify филиппины,VPN для Spotify Филиппины: дешёвая подписка легально,VPN для Spotify Филиппины,,0
yes,vpn для hulu,VPN для Hulu: как смотреть из России,VPN для Hulu,,0
yes,vpn для bbc iplayer,VPN для BBC iPlayer: доступ к британскому ТВ,VPN для BBC iPlayer,,0
yes,vpn для disney+ turkey,VPN для Disney+ Турция: регистрация и оплата,VPN для Disney+ Турция,,0
yes,vpn для онлайн банкинга,Безопасный VPN для онлайн-банкинга: правила и проверенные провайдеры,безопасный vpn для онлайн банкинга,,0
yes,vpn для криптобирж,VPN для криптобирж: безопасность аккаунтов и KYC-риски,VPN для криптобирж,,0
yes,безопасно ли пользоваться бесплатным vpn,Бесплатный VPN: какие риски и как себя защитить,безопасно ли пользоваться бесплатным vpn,,0
yes,самый быстрый vpn 2025,Самые быстрые VPN 2025: тесты скорости и пинга,самый быстрый vpn 2025,,0
yes,самый надежный vpn 2025,Самые надёжные VPN 2025: аудит, суды и кейсы,самый надежный vpn 2025,,0
yes,впн который не блокируется в россии 2025,VPN, которые работают в России в 2025: проверка и настройки,впн который не блокируется в россии 2025,,0
yes,vpn с русской оплатой,VPN с оплатой российской картой: актуальные способы 2025,vpn с оплатой российской картой,,0
yes,как оплатить vpn из россии 2025,Как оплатить VPN из России в 2025: карты, крипта, подарочные коды,как оплатить vpn из россии 2025,,0
